Record ID,Sample ID,Date,Region,Farm,Farmer,pH 1 (A),pH 2 (B),pH 3 ( C ),pH (D),Average,Bottle ID,Soil Compaction,Notes
1,F1-1,3/1/25,6,1,Bolongba drameh,5.3,4.9,5.3,,5.166666667,Field,,
10,F1-10,3/1/25,6,1,Bolongba drameh,5.6,5.5,5.35,,5.483333333,Field,,
11,F1-11,3/1/25,6,1,Bolongba drameh,5.4,5.2,5.38,,5.326666667,Field,,
12,F1-12,3/1/25,6,1,Bolongba drameh,4.7,4.4,4.38,,4.493333333,Field,,
2,F1-2,3/1/25,6,1,Bolongba drameh,4.8,4.7,4.75,,4.75,Field,,
3,F1-3,3/1/25,6,1,Bolongba drameh,4.8,4.5,4.5,,4.6,Field,,
4,F1-4,3/1/25,6,1,Bolongba drameh,5.4,5.2,5.34,,5.313333333,Field,,
5,F1-5,3/1/25,6,1,Bolongba drameh,4.6,4.3,4.71,,4.536666667,Field,,
6,F1-6,3/1/25,6,1,Bolongba drameh,4.9,4.9,5.22,,5.006666667,Field,,
7,F1-7,3/1/25,6,1,Bolongba drameh,4.7,4.4,4.96,,4.686666667,Field,,
8,F1-8,3/1/25,6,1,Bolongba drameh,5.3,4.9,5.3,,5.166666667,Field,,
9,F1-9,3/1/25,6,1,Bolongba drameh,5.5,5.1,5.31,,5.303333333,Field,,
,F10-1,4/1/25,,10,,5.7,5.7,6.08,5.9,5.845,7,,
,F10-2,4/1/25,,10,,5.3,5.3,5.51,5.4,5.3775,9,,
,F10-3,4/1/25,,10,,5.2,5,5.13,5.3,5.1575,9,,
,F10-4,4/1/25,,10,,5.4,5.6,5.72,5.5,5.555,8,,
,F10-5,4/1/25,,10,,4.3,4.3,4.65,4.4,4.4125,9,,
,F10-6,4/1/25,,10,,4.5,4.4,4.92,4.6,4.605,8,,
,F11-1,4/1/25,,11,,5.7,5.6,5.75,5.8,5.7125,9,,
,F11-2,4/1/25,,11,,5.9,5.9,6.07,5.9,5.9425,10,,
,F11-3,4/1/25,,11,,5.7,5.7,6.15,5.8,5.8375,10,,
,F11-4,4/1/25,,11,,5.8,5.6,6.24,5.8,5.86,10,,
,F11-5,4/1/25,,11,,4.6,4.5,4.95,4.6,4.6625,9,,
,F11-6,4/1/25,,11,,5.5,5.2,5.76,5.3,5.44,9,,
19,F12-3,3/1/25,6,12,,5,5,5.4,,5.133333333,1,,
,F12-4,4/1/25,,12,,5.1,5.2,5.6,5.3,5.3,7,,
,F13-3,4/1/25,,13,,5.8,5.9,6.19,5.9,5.9475,8,,
,F13-4,4/1/25,,13,,5.2,5.2,5.61,5.3,5.3275,7,,
,F14-3,4/1/25,,14,,5.6,5.6,5.52,5.7,5.605,8,,
,F14-4,4/1/25,,14,,5.3,5.1,5.56,,5.32,3,,
,F15-3,4/1/25,,15,,5.4,5.5,5.95,5.7,5.6375,7,,
,F15-4,4/1/25,,15,,5.1,5.1,5.32,5.1,5.155,8,,
20,F16-3,3/1/25,6,16,,6.2,6.2,6.2,,6.2,1,,
,F16-4,4/1/25,,16,,6,5.9,6.05,,5.983333333,3,,
13,F2-1,3/1/25,6,2,Lamin Jabbi,3.2,3.7,4.58,,3.826666667,Field,,
14,F2-2,3/1/25,6,2,Lamin Jabbi,4.8,4.4,5.16,,4.786666667,Field,,
15,F2-3,3/1/25,6,2,Lamin Jabbi,5.6,5.3,5.87,,5.59,Field,,
16,F2-4,3/1/25,6,2,Lamin Jabbi,4.9,4.5,5.26,,4.886666667,Field,,
17,F2-5,3/1/25,6,2,Lamin Jabbi,4.8,4.4,4.9,,4.7,Field,,
18,F2-6,3/1/25,6,2,Lamin Jabbi,4.6,4,4.2,,4.266666667,Field,,
,F3-1,4/1/25,,3,,5.1,5.1,5.67,5.2,5.2675,6,,
22,F3-2,3/1/25,6,3,,5.1,5.1,5.3,,5.166666667,1,,
,F3-3,4/1/25,,3,,5.1,5.1,5.74,5.2,5.285,6,,
,F3-4,4/1/25,,3,,4.7,4.6,5.17,4.7,4.7925,6,,
23,F3-5,3/1/25,6,3,,5.4,5.4,5.7,,5.5,1,,
21,F3-6,3/1/25,6,3,,4.4,4.5,5,,4.633333333,1,,
,F3-7,4/1/25,,3,,5.3,5.4,5.7,,5.466666667,1,,
,F3-8,4/1/25,,3,,5.1,5,5.42,,5.173333333,3,,
,F4-1,4/1/25,,4,,4.7,4.8,5.07,4.9,4.8675,7,,
,F4-2,4/1/25,,4,,4.8,4.9,5.29,4.9,4.9725,7,,
,F4-3,4/1/25,,4,,4.9,4.4,5.46,4.9,4.915,8,,
,F4-4,4/1/25,,4,,5.3,5.3,5.7,5.3,5.4,8,,
,F4-5,4/1/25,,4,,5.8,5.8,5.93,5.9,5.8575,8,,
,F4-6,4/1/25,,4,,4.8,4.8,5.17,5,4.9425,7,,
,F4-7,4/1/25,,4,,4.3,4.3,4.43,4.3,4.3325,9,,
,F4-8,4/1/25,,4,,4.9,4.9,5.42,5,5.055,9,,
,F5-1,4/1/25,,5,,4.3,4.3,4.72,4.5,4.455,7,,
,F5-2,4/1/25,,5,,4.5,4.5,4.77,4.5,4.5675,9,,
,F5-3,4/1/25,,5,,5.1,5,5.6,5.1,5.2,10,,
,F5-4,4/1/25,,5,,4.2,4.1,4.8,,4.366666667,3,,
,F5-5,4/1/25,,5,,4.2,4.2,4.93,4.2,4.3825,6,,
,F5-6,4/1/25,,5,,4.5,4.3,4.76,,4.52,3,,
,F6-1,4/1/25,,6,,4.5,4.5,5.01,4.6,4.6525,9,,
,F6-2,4/1/25,,6,,4.7,4.5,4.92,4.8,4.73,9,,
,F6-3,4/1/25,,6,,5.1,4.9,5.75,5.2,5.2375,6,,
,F6-4,4/1/25,,6,,5.2,5,5.6,,5.266666667,1,,
,F6-5,4/1/25,,6,,4.8,4.7,5.37,4.7,4.8925,6,,
,F6-6,4/1/25,,6,,4.6,4.4,5.41,4.6,4.7525,6,,
,F7-1,4/1/25,,7,,5,5,5.38,,5.126666667,3,,
,F7-2,4/1/25,,7,,4.8,4.5,5.2,,4.833333333,1,,
,F7-4,4/1/25,,7,,4.9,4.8,5,,4.9,3,,
,F7-5,4/1/25,,7,,4.6,4.6,5.19,4.6,4.7475,10,,
,F7-5,4/1/25,,7,,4.9,4.9,5.3,5,5.025,9,,
,F7-6,4/1/25,,7,,4.6,4.4,5.03,4.6,4.6575,10,,
,F8-1,4/1/25,,8,,5.1,5.1,5.31,4.9,5.1025,8,,
,F8-2,4/1/25,,8,,5.5,5.4,5.7,5.5,5.525,9,,
,F8-4,4/1/25,,8,,4.9,4.8,4.67,,4.79,3,,
,F8-5,4/1/25,,8,,5.2,5.1,5.88,5.4,5.395,6,,
,F8-6,4/1/25,,8,,4.7,4.9,5.3,4.9,4.95,9,,
,F8-7,4/1/25,,8,,5,4.9,5.4,5.1,5.1,10,,
,F9-1,4/1/25,,9,,4.8,4.8,5.23,4.8,4.9075,9,,
,F9-2,4/1/25,,9,,4.6,4.6,5.08,4.6,4.72,7,,
,F9-3,4/1/25,,9,,5.4,5.5,5.8,,5.566666667,3,,
,F9-4,4/1/25,,9,,4.6,4.4,4.81,,4.603333333,3,,
,F9-5,4/1/25,,9,,4.4,4.4,4.85,4.5,4.5375,9,,
,F9-6,4/1/25,,9,,4.4,4.5,5.12,4.5,4.63,10,,